County Name,Temperature,Humidity,Wind Speed
Alameda County,14.53,79,1.2
Alpine County,2.22,86,2.3
Amador County,9.68,75,2.6
Butte County,12,87,3.6
Calaveras County,10.81,100,1.4
Colusa County,12,86,2.6
Contra Costa County,13.13,100,10.8
Del Norte County,9.35,86,1.2
El Dorado County,3.83,87,2.6
Fresno County,12.51,93,1.25
Glenn County,11,87,1.25
Humboldt County,9.5,87,3.6
Imperial County,19.98,36,5.1
Inyo County,7.727,65,1.6
Kern County,12.44,53,4.6
Kings County,6.78,81,7.7
Lake County,6.26,80,1.05
Lassen County,1.052,48,9.8
Los Angeles County,16.94,31,6.7
Madera County,12.6,86,2.1
Marin County,14,100,0.45
Mariposa County,11.7,100,4.2
Mendocino County,9,93,2.1
Merced County,12.5,100,5.1
Modoc County,1,55,1.5
Mono County,6,66,2.15
Monterey County,13,93,0.75
Napa County,12.34,100,3.6
Nevada County,6.75,41,3.1
Orange County,16.33,66,4.55
Placer County,5.67,64,3.6
Plumas County,1.827,41,1.5
Riverside County,15.38,100,1.15
Sacramento County,12,55,2.8
San Benito County,11.76,93,1.5
San Bernardino County,12,61,1.45
San Diego County,17.14,69,2.1
San Francisco County,14.25,93,2.1
San Joaquin County,12.77,100,1.15
San Luis Obispo County,13.28,86,0.8
San Mateo County,13.78,93,1.3
Santa Barbara County,14.37,86,1.3
Santa Clara County,12.89,93,2.95
Santa Cruz County,13.22,81,2.1
Shasta County,5.19,87,0.95
Sierra County,22.177,91,2.45
Siskiyou County,3.29,56,3.65
Solano County,12.6,100,1.5
Sonoma County,10.23,100,1.5
Stanislaus County,12.76,93,2.15
Sutter County,11.55,93,1.05
Tehama County,10.45,87,0.5
Trinity County,17.54,93,1.6
Tulare County,13.32,93,5.7
Tuolumne County,8,43,2.1
Ventura County,18.02,46,3.4
Yolo County,12.2,100,3.6
Yuba County,10.44,93,1.1
Albany County,0.28,81,0.95
Allegany County,8,82,1.6
Bronx County,6.46,81,2.6
Broome County,-1,100,3.6
Cattaraugus County,2.26,100,2.6
Cayuga County,-0.34,100,1.5
Chautauqua County,4.43,93,2.1
Chemung County,0.45,86,1.15
Chenango County,-1,100,2.6
Clinton County,-0.56,93,1.5
Columbia County,18.81,99,0.95
Cortland County,-0.48,100,0.35
Delaware County,7.22,80,3.6
Dutchess County,4.59,86,1.5
Erie County,2.25,100,2.1
Essex County,6.84,81,2.1
Franklin County,3.37,93,4.95
Fulton County,17.88,93,1.15
Genesee County,1.16,100,2.1
Greene County,9.31,93,3.1
Hamilton County,8,79,3.1
Herkimer County,-2,100,1.5
Jefferson County,14.73,70,1.5
Lewis County,7.49,93,2.1
Livingston County,6.6,93,3.1
Madison County,19.66,100,3.1
Monroe County,2.58,100,1.5
Montgomery County,9,80,1.2
Nassau County,6.46,81,1.6
New York County,6.78,81,1.6
Niagara County,-0.6,87,2.75
Oneida County,2,100,2.1
Onondaga County,-0.78,100,1.7
Ontario County,1.99,100,2.4
Orleans County,2,100,1.85
Oswego County,-1.03,100,2.4
Otsego County,0,100,1.6
Putnam County,17.96,100,1
Queens County,6.73,81,1.05
Rensselaer County,1.23,86,2.6
Richmond County,18.8,72,1.05
Rockland County,-3.04,97,1.1
St. Lawrence County,6.23,81,1
Saratoga County,2.98,93,1.2
Schenectady County,3.11,93,3.65
Schoharie County,2,93,1.7
Schuyler County,1,93,0.95
Seneca County,3,86,2.6
Steuben County,2.26,93,0.7
Suffolk County,5.6,93,1.5
Sullivan County,14.4,93,2.6
Tioga County,0.53,100,2.1
Tompkins County,0.53,100,2.6
Ulster County,3.99,100,3.1
Warren County,8.33,92,3.6
Washington County,7.44,93,1.05
Wayne County,3.1,81,2.6
Westchester County,6.23,93,4.6
Wyoming County,1.64,100,1.5
Yates County,1.51,93,1.15
Anderson County,15.71,100,2.6
Andrews County,27,88,2.6
Angelina County,18,93,2.6
Aransas County,22.51,100,2.1
Archer County,3.59,91,2.1
Armstrong County,5.72,93,1.4
Atascosa County,21.67,100,1.05
Austin County,18.83,93,2.95
Bailey County,3,94,1.5
Bandera County,20.26,93,5.1
Bastrop County,18.17,88,1.05
Baylor County,15,62,2.1
Bee County,21.13,100,2.3
Bell County,17,93,6.2
Bexar County,21.29,93,1.5
Blanco County,17.26,93,3.1
Borden County,13,49,1.5
Bosque County,17,87,1.5
Bowie County,13.03,93,1.3
Brazoria County,19.2,100,1.5
Brazos County,12,100,3.75
Brewster County,18.02,56,2.6
Briscoe County,5,93,1.5
Brooks County,23.99,91,1.3
Brown County,3.16,93,2.1
Burleson County,17,100,2.05
Burnet County,2.22,93,3.1
Caldwell County,18.01,85,1.3
Calhoun County,13.67,93,5.1
Callahan County,15.78,93,3.1
Cameron County,27.28,50,4.2
Camp County,6,81,2.6
Carson County,-4,32,1.3
Cass County,20.56,92,1.1
Castro County,2,79,3.1
Chambers County,12,93,3.1
Cherokee County,17.72,87,2.6
Childress County,14,56,5.7
Clay County,13,75,6.2
Cochran County,5.99,93,4.8
Coke County,6,81,3.1
Coleman County,16.46,93,2.25
Collin County,16.25,76,2.1
Collingsworth County,33.152,62,4.1
Colorado County,14,97,5.7
Comal County,19.63,100,5.7
Comanche County,15.61,75,1.65
Concho County,17,93,4.6
Cooke County,15.43,66,3.1
Coryell County,17,93,2.6
Cottle County,14,56,1.55
Crane County,13.55,45,3.6
Crockett County,-1,87,18.5
Crosby County,12.04,98,3.1
Culberson County,9,35,1.5
Dallam County,11,74,2.6
Dallas County,16.64,92,3.6
Dawson County,3.55,76,3.1
Deaf Smith County,12,79,1.05
Delta County,5.67,73,5.75
Denton County,16.33,53,2.6
DeWitt County,14.8,100,3.1
Dickens County,14.727,100,0.9
Dimmit County,23.04,51,6.7
Donley County,12,86,5.1
Duval County,23.34,100,5.1
Eastland County,17,50,3.1
Ector County,13.6,43,3.6
Edwards County,6,81,2.6
Ellis County,16.61,76,4.1
El Paso County,13.66,36,5.1
Erath County,17,76,1.2
Falls County,17,87,1.5
Fannin County,14.8,70,1
Fayette County,14.7,87,0.75
Fisher County,13.75,93,2.6
Floyd County,17.76,93,1.2
Foard County,24.91,98,1
Fort Bend County,19.18,93,3.6
Freestone County,17,100,1.5
Frio County,30,94,6.7
Gaines County,12.94,52,2.95
Galveston County,19.85,88,6.7
Garza County,13.5,93,1
Gillespie County,17.33,49,9.8
Glasscock County,14,50,2.6
Goliad County,17.96,100,0.8
Gonzales County,22.627,99,3.1
Gray County,12.51,86,1.25
Grayson County,15.21,81,5.1
Gregg County,18.51,100,1.2
Grimes County,15.43,100,3.1
Guadalupe County,20.86,100,2.1
Hale County,21,100,1.25
Hall County,16.67,69,3.1
Hansford County,12,100,1.15
Hardeman County,11.51,87,3.1
Hardin County,14.99,86,2.6
Harris County,19.5,93,1.5
Harrison County,23.81,93,3.6
Hartley County,11,74,4.8
Haskell County,10.21,100,2.45
Hays County,17.88,93,3.1
Hemphill County,12.98,79,1.45
Henderson County,10.66,70,2.6
Hidalgo County,27.79,41,7.2
Hill County,-1,93,2.6
Hockley County,13.48,93,4.1
Hood County,17,76,2.6
Hopkins County,13.04,70,1.25
Houston County,22,100,1.2
Howard County,9.13,72,6
Hudspeth County,13.052,86,2.6
Hunt County,15.66,87,3.6
Hutchinson County,11.48,59,3.1
Irion County,0,86,2.6
Jack County,4,91,3.1
Jackson County,6.2,93,3.1
Jasper County,8.55,75,5.1
Jeff Davis County,14,100,2.7
Jim Hogg County,22.64,100,2.6
Jim Wells County,24.31,100,3.1
Johnson County,6.44,86,1.5
Jones County,23,100,3.1
Karnes County,6.22,100,4.1
Kaufman County,21.98,93,3.6
Kendall County,16.29,93,1.1
Kenedy County,23.527,82,2.1
Kent County,2,93,2.95
Kerr County,18,93,2.65
Kimble County,18,87,4.6
King County,7.33,87,1.5
Kinney County,19.02,93,2.6
Kleberg County,24.86,100,1.15
Knox County,16,93,4.1
Lamar County,14.11,87,5.7
Lamb County,6,81,2
Lampasas County,17,93,4.1
La Salle County,24,93,1.5
Lavaca County,18.6,100,2.6
Lee County,26.75,93,0.85
Leon County,23.99,93,1
Liberty County,21.5,100,3.1
Limestone County,20.2,100,2.1
Lipscomb County,13,100,1.2
Live Oak County,10.98,79,2.05
Llano County,17,100,5.1
Loving County,6,100,2.6
Lubbock County,12.95,93,2.6
Lynn County,13.45,93,5.9
McCulloch County,15.877,81,0.7
McLennan County,17,87,2.5
McMullen County,23.56,100,2.6
Marion County,6.53,95,3.1
Martin County,26.25,69,1.8
Mason County,9.227,99,1.5
Matagorda County,14.92,100,2.7
Maverick County,19,91,3.6
Medina County,3.34,81,2.1
Menard County,3,100,1.5
Midland County,1,86,4.1
Milam County,17.4,82,1
Mills County,4.5,93,4.1
Mitchell County,15.5,100,2.6
Montague County,-1,61,3.2
Moore County,6,100,1.15
Morris County,7.34,81,4.1
Motley County,2.65,94,1.05
Nacogdoches County,16.72,93,1.5
Navarro County,16.82,87,1.5
Newton County,3.25,94,6.7
Nolan County,13.99,57,2.6
Nueces County,23.43,100,2.6
Ochiltree County,13,79,3.6
Oldham County,14.66,70,1.1
Palo Pinto County,16.75,61,3.1
Panola County,16.34,93,3.1
Parker County,16.71,62,4.6
Parmer County,10.52,74,2.1
Pecos County,13,53,3.6
Polk County,11.04,83,1.6
Potter County,25.89,79,4.5
Presidio County,14,84,5.1
Rains County,15.67,100,2.6
Randall County,11,79,3.1
Reagan County,9.32,79,4.1
Real County,19.76,87,2.1
Red River County,12.48,45,3.6
Reeves County,13.44,87,1.5
Refugio County,17.89,100,2.1
Roberts County,1.25,100,2.6
Robertson County,19.17,87,2.6
Rockwall County,16.29,87,7.2
Runnels County,16.42,93,1.05
Rusk County,15.88,93,2.05
Sabine County,18.62,93,1.2
San Augustine County,18.33,93,3
San Jacinto County,31.177,99,2.6
San Patricio County,23.87,100,4.6
San Saba County,16.75,100,4.1
Schleicher County,16.66,93,6.7
Scurry County,13.56,49,6.7
Shackelford County,15.64,50,1.4
Shelby County,8.35,87,3.1
Sherman County,14,79,1.2
Smith County,15.39,93,5.95
Somervell County,14.74,87,5.7
Starr County,17,93,2.2
Stephens County,28,75,2.1
Sterling County,6,93,1.05
Stonewall County,11.42,100,2.6
Sutton County,12,93,7.6
Swisher County,15.03,79,3.1
Tarrant County,16.43,62,6.2
Taylor County,16.67,57,1.15
Terrell County,21.8,93,5.1
Terry County,17,87,6.7
Throckmorton County,7.01,50,1.2
Titus County,13.5,100,3.15
Tom Green County,17,93,1.05
Travis County,17.71,88,4.1
Tyler County,18.47,93,3.3
Upshur County,9.29,100,1.5
Upton County,13,93,4.6
Uvalde County,20.04,45,2.6
Val Verde County,19,93,4.1
Van Zandt County,15.66,93,4.8
Victoria County,18.05,100,1.3
Walker County,17.98,93,1.4
Waller County,13.33,93,2.6
Ward County,18.85,45,3.1
Webb County,22.45,88,3.6
Wharton County,18.51,93,3.8
Wheeler County,15.5,70,5.1
Wichita County,12.6,65,1.3
Wilbarger County,15.69,60,5.7
Willacy County,27.78,93,3.15
Williamson County,17.25,82,2.1
Wilson County,20.01,93,3.6
Winkler County,13.57,39,3.1
Wise County,16.37,62,4.1
Wood County,2.62,59,3.65
Yoakum County,12,86,3.3
Young County,5,89,2.6
Zapata County,22,91,2.65
Zavala County,21,93,3.1
Adams County,5.57,37,6.2
Asotin County,3.89,52,0.85
Benton County,8.72,100,2.6
Chelan County,4,87,1.1
Clallam County,8.49,96,2.6
Clark County,13.74,30,2.6
Cowlitz County,8,93,2.1
Douglas County,4.43,86,2.6
Ferry County,5,100,6.2
Garfield County,12,93,4.1
Grant County,4.97,40,2.6
Grays Harbor County,7.55,93,4.6
Island County,8.23,70,9.8
Kitsap County,7.45,93,4.6
Kittitas County,3.27,65,6.2
Klickitat County,8,87,3.1
Lincoln County,7.43,92,5.1
Okanogan County,5,45,4.1
Pacific County,18.04,40,2.75
Pend Oreille County,1.277,99,3.65
Pierce County,7.43,87,0.95
San Juan County,5.227,71,8.7
Skagit County,7.69,81,1.5
Skamania County,8,87,6.2
Snohomish County,7.36,70,8.2
Spokane County,3,43,2.75
Stevens County,1.277,99,2.6
Thurston County,7.24,93,10.3
Wahkiakum County,8.34,93,3.1
Walla Walla County,8.06,30,8.7
Whatcom County,7.5,56,2.1
Whitman County,3,93,6.2
Yakima County,5.13,57,2.6