California|Los Angeles County|865842|88.00
California|San Diego County|327045|90.00
California|Orange County|268051|91.00
California|Riverside County|202163|85.00
California|San Bernardino County|174606|86.00
California|Santa Clara County|169675|91.00
California|Sacramento County|163865|86.00
California|Alameda County|155733|90.00
California|Contra Costa County|99131|90.00
California|San Francisco County|96429|92.00
California|Fresno County|87174|85.00
California|Kern County|79445|86.00
California|San Joaquin County|65268|84.00
California|Ventura County|64047|90.00
California|San Mateo County|62052|92.00
California|Stanislaus County|50495|83.00
California|Sonoma County|45242|90.00
California|Solano County|40549|87.00
California|Santa Barbara County|39812|91.00
California|Tulare County|36127|86.00
California|Placer County|35337|90.00
California|Monterey County|34722|90.00
California|San Luis Obispo County|28843|91.00
California|Butte County|24567|86.00
California|Marin County|23538|92.00
California|Merced County|23000|82.00
California|Yolo County|22725|90.00
California|Santa Cruz County|22265|91.00
California|Shasta County|18431|87.00
California|Humboldt County|14718|88.00
California|El Dorado County|14466|88.00
California|Kings County|12789|85.00
California|Imperial County|12690|81.00
California|Napa County|10889|91.00
California|Madera County|10500|90.00
California|Nevada County|8959|89.00
California|Sutter County|8894|86.00
California|Yuba County|8063|82.00
California|Lake County|7465|83.00
California|Mendocino County|7331|87.00
California|Tehama County|5730|83.00
California|Tuolumne County|5056|84.00
California|Siskiyou County|4535|85.00
California|San Benito County|4374|85.00
California|Calaveras County|3734|88.00
California|Amador County|2850|84.00
California|Lassen County|2546|86.00
California|Glenn County|2400|86.00
California|Del Norte County|2307|87.00
California|Inyo County|1909|92.00
California|Plumas County|1681|83.00
California|Colusa County|1505|87.00
California|Mono County|1333|87.00
California|Mariposa County|1280|87.00
California|Trinity County|1178|87.00
California|Modoc County|724|87.00
California|Sierra County|113|93.00
California|Alpine County|77|93.00
New York|New York County|205918|91.00
New York|Kings County|204673|89.00
New York|Queens County|156759|90.00
New York|Bronx County|100187|84.00
New York|Erie County|82086|92.00
New York|Monroe County|70641|91.00
New York|Suffolk County|67529|92.00
New York|Westchester County|64763|91.00
New York|Nassau County|54483|92.00
New York|Onondaga County|42068|92.00
New York|Albany County|31278|93.00
New York|Richmond County|24384|92.00
New York|Orange County|22248|91.00
New York|Dutchess County|20183|90.00
New York|Saratoga County|19223|93.00
New York|Broome County|17555|91.00
New York|Oneida County|17392|91.00
New York|Niagara County|16893|91.00
New York|Rockland County|16344|91.00
New York|Jefferson County|14418|88.00
New York|Rensselaer County|14239|91.00
New York|Tompkins County|12632|94.00
New York|Ulster County|12400|89.00
New York|Schenectady County|11287|91.00
New York|Chautauqua County|11125|91.00
New York|Ontario County|9517|93.00
New York|St. Lawrence County|8323|89.00
New York|Oswego County|8289|89.00
New York|Steuben County|8288|91.00
New York|Chemung County|7732|93.00
New York|Clinton County|6612|92.00
New York|Cattaraugus County|6055|91.00
New York|Wayne County|5979|92.00
New York|Sullivan County|5611|87.00
New York|Cayuga County|5268|91.00
New York|Warren County|5245|93.00
New York|Herkimer County|5140|90.00
New York|Livingston County|4843|93.00
New York|Madison County|4831|94.00
New York|Putnam County|4621|92.00
New York|Washington County|4317|90.00
New York|Genesee County|4203|92.00
New York|Otsego County|4196|92.00
New York|Fulton County|4142|89.00
New York|Columbia County|4088|92.00
New York|Montgomery County|3917|89.00
New York|Cortland County|3643|92.00
New York|Franklin County|3585|91.00
New York|Allegany County|3376|90.00
New York|Orleans County|3031|89.00
New York|Tioga County|2970|92.00
New York|Delaware County|2936|89.00
New York|Chenango County|2916|91.00
New York|Wyoming County|2684|92.00
New York|Seneca County|2663|93.00
New York|Essex County|2378|91.00
New York|Greene County|2295|90.00
New York|Schoharie County|2043|88.00
New York|Lewis County|1794|90.00
New York|Yates County|1580|92.00
New York|Schuyler County|1195|93.00
New York|Hamilton County|111|92.00
Texas|Harris County|477397|91.00
Texas|Dallas County|292545|91.00
Texas|Tarrant County|205378|92.00
Texas|Bexar County|190596|91.00
Texas|Travis County|162212|93.00
Texas|Collin County|89507|94.00
Texas|Denton County|81748|93.00
Texas|El Paso County|69045|90.00
Texas|Hidalgo County|53301|89.00
Texas|Fort Bend County|48767|94.00
Texas|Williamson County|48148|93.00
Texas|Montgomery County|45332|93.00
Texas|Bell County|39217|90.00
Texas|Nueces County|38135|92.00
Texas|Lubbock County|37365|93.00
Texas|Brazos County|32367|92.00
Texas|Galveston County|31975|91.00
Texas|Cameron County|27514|89.00
Texas|Brazoria County|27079|94.00
Texas|McLennan County|26987|93.00
Texas|Jefferson County|24821|89.00
Texas|Smith County|22331|92.00
Texas|Hays County|19818|92.00
Texas|Webb County|17543|93.00
Texas|Taylor County|16491|93.00
Texas|Midland County|15820|96.00
Texas|Randall County|14106|95.00
Texas|Wichita County|14076|93.00
Texas|Ector County|13797|94.00
Texas|Potter County|13263|94.00
Texas|Tom Green County|13127|94.00
Texas|Gregg County|12920|93.00
Texas|Ellis County|12500|92.00
Texas|Grayson County|12388|90.00
Texas|Johnson County|12362|92.00
Texas|Guadalupe County|11433|93.00
Texas|Comal County|10214|93.00
Texas|Parker County|9506|92.00
Texas|Bowie County|8579|91.00
Texas|Victoria County|8555|93.00
Texas|Kaufman County|8273|90.00
Texas|Angelina County|7895|90.00
Texas|Nacogdoches County|7656|91.00
Texas|Hunt County|7522|87.00
Texas|Orange County|7144|91.00
Texas|Coryell County|7103|89.00
Texas|Walker County|6783|94.00
Texas|Henderson County|6497|90.00
Texas|Rockwall County|6350|93.00
Texas|San Patricio County|5724|93.00
Texas|Bastrop County|5602|90.00
Texas|Hood County|5291|93.00
Texas|Liberty County|5251|88.00
Texas|Harrison County|5125|91.00
Texas|Erath County|5115|94.00
Texas|Lamar County|4643|92.00
Texas|Hardin County|4515|93.00
Texas|Kerr County|4280|92.00
Texas|Wise County|4245|91.00
Texas|Navarro County|4149|89.00
Texas|Cherokee County|3904|93.00
Texas|Anderson County|3860|94.00
Texas|Rusk County|3782|93.00
Texas|Van Zandt County|3706|93.00
Texas|Burnet County|3700|93.00
Texas|Kendall County|3509|95.00
Texas|Cooke County|3485|91.00
Texas|Maverick County|3460|87.00
Texas|Val Verde County|3422|91.00
Texas|Polk County|3406|88.00
Texas|Kleberg County|3313|88.00
Texas|Hale County|3306|91.00
Texas|Waller County|3229|90.00
Texas|Wood County|3122|91.00
Texas|Hopkins County|3086|91.00
Texas|Atascosa County|3063|92.00
Texas|Brown County|3008|95.00
Texas|Howard County|2969|92.00
Texas|Caldwell County|2944|92.00
Texas|Jim Wells County|2864|92.00
Texas|Aransas County|2784|93.00
Texas|Matagorda County|2750|92.00
Texas|Titus County|2712|91.00
Texas|Upshur County|2708|91.00
Texas|Wilson County|2659|94.00
Texas|Hill County|2600|89.00
Texas|Medina County|2549|92.00
Texas|Fannin County|2479|91.00
Texas|Wharton County|2479|92.00
Texas|Chambers County|2453|92.00
Texas|Palo Pinto County|2366|91.00
Texas|Bee County|2319|92.00
Texas|Gillespie County|2301|93.00
Texas|Hockley County|2220|93.00
Texas|Austin County|2190|92.00
Texas|Starr County|2186|87.00
Texas|Gray County|2143|94.00
Texas|Washington County|2106|95.00
Texas|Llano County|2068|93.00
Texas|Cass County|2032|89.00
Texas|Jasper County|1997|86.00
Texas|Montague County|1887|93.00
Texas|Freestone County|1851|94.00
Texas|Grimes County|1799|93.00
Texas|Calhoun County|1752|90.00
Texas|Limestone County|1703|92.00
Texas|Uvalde County|1691|89.00
Texas|Fayette County|1655|97.00
Texas|Milam County|1651|90.00
Texas|Deaf Smith County|1635|94.00
Texas|Moore County|1630|96.00
Texas|Gaines County|1625|96.00
Texas|Shelby County|1605|93.00
Texas|Hutchinson County|1602|93.00
Texas|San Jacinto County|1576|87.00
Texas|Lampasas County|1571|91.00
Texas|Panola County|1568|94.00
Texas|Houston County|1558|90.00
Texas|Bandera County|1538|94.00
Texas|Eastland County|1519|95.00
Texas|Tyler County|1478|88.00
Texas|Scurry County|1431|96.00
Texas|Wilbarger County|1408|93.00
Texas|Bosque County|1397|90.00
Texas|Andrews County|1347|95.00
Texas|Lavaca County|1315|93.00
Texas|DeWitt County|1288|93.00
Texas|Young County|1286|93.00
Texas|Brewster County|1276|95.00
Texas|Lee County|1174|94.00
Texas|Nolan County|1151|91.00
Texas|Pecos County|1133|96.00
Texas|Robertson County|1083|88.00
Texas|Morris County|1080|87.00
Texas|Leon County|1071|93.00
Texas|Ochiltree County|1065|93.00
Texas|Burleson County|1042|92.00
Texas|Ward County|1039|95.00
Texas|Camp County|1022|89.00
Texas|Gonzales County|1017|91.00
Texas|Jackson County|1011|94.00
Texas|Comanche County|1007|93.00
Texas|Lamb County|1004|90.00
Texas|Dawson County|1001|90.00
Texas|Red River County|999|90.00
Texas|Colorado County|990|94.00
Texas|Callahan County|923|93.00
Texas|Frio County|920|92.00
Texas|Terry County|905|93.00
Texas|Willacy County|890|89.00
Texas|Reeves County|885|93.00
Texas|Jones County|874|94.00
Texas|Trinity County|872|89.00
Texas|Franklin County|871|94.00
Texas|Stephens County|871|95.00
Texas|Karnes County|870|94.00
Texas|Dimmit County|849|89.00
Texas|Marion County|837|93.00
Texas|Rains County|811|91.00
Texas|Falls County|798|91.00
Texas|Zapata County|788|91.00
Texas|Runnels County|770|96.00
Texas|Madison County|756|93.00
Texas|Somervell County|743|97.00
Texas|Coleman County|723|92.00
Texas|Mitchell County|722|92.00
Texas|Zavala County|700|89.00
Texas|Newton County|694|86.00
Texas|Parmer County|668|95.00
Texas|Clay County|660|93.00
Texas|Hamilton County|657|93.00
Texas|McCulloch County|649|95.00
Texas|Jack County|626|94.00
Texas|Blanco County|624|91.00
Texas|Bailey County|613|93.00
Texas|Floyd County|597|93.00
Texas|Winkler County|582|97.00
Texas|Baylor County|578|97.00
Texas|Live Oak County|573|93.00
Texas|Presidio County|562|90.00
Texas|Archer County|553|96.00
Texas|Dallam County|548|93.00
Texas|Crosby County|547|89.00
Texas|Sabine County|536|86.00
Texas|Swisher County|529|92.00
Texas|Refugio County|527|91.00
Texas|Yoakum County|527|91.00
Texas|Duval County|519|88.00
Texas|Goliad County|500|93.00
Texas|Wheeler County|495|96.00
Texas|Hartley County|479|97.00
Texas|Castro County|472|96.00
Texas|La Salle County|466|92.00
Texas|Childress County|456|94.00
Texas|Lynn County|448|92.00
Texas|San Augustine County|429|83.00
Texas|Kimble County|411|90.00
Texas|Crane County|408|92.00
Texas|Coke County|387|96.00
Texas|Delta County|379|85.00
Texas|Haskell County|377|94.00
Texas|Hansford County|376|97.00
Texas|Brooks County|373|81.00
Texas|Carson County|370|97.00
Texas|Hemphill County|362|96.00
Texas|Upton County|362|96.00
Texas|Sutton County|361|98.00
Texas|Knox County|348|92.00
Texas|Garza County|344|97.00
Texas|Fisher County|336|93.00
Texas|Kinney County|335|84.00
Texas|San Saba County|323|94.00
Texas|Hardeman County|305|87.00
Texas|Crockett County|281|93.00
Texas|Mason County|279|92.00
Texas|Lipscomb County|255|96.00
Texas|Mills County|252|96.00
Texas|Jeff Davis County|251|94.00
Texas|Jim Hogg County|246|87.00
Texas|Martin County|244|97.00
Texas|Shackelford County|243|95.00
Texas|Donley County|238|95.00
Texas|Reagan County|234|98.00
Texas|Sherman County|234|92.00
Texas|Real County|233|87.00
Texas|Menard County|214|93.00
Texas|Schleicher County|201|96.00
Texas|Culberson County|198|89.00
Texas|Collingsworth County|175|94.00
Texas|Dickens County|175|87.00
Texas|Cochran County|173|89.00
Texas|Hudspeth County|139|92.00
Texas|Oldham County|136|90.00
Texas|Cottle County|129|93.00
Texas|Irion County|126|92.00
Texas|Hall County|124|87.00
Texas|Armstrong County|120|96.00
Texas|Concho County|118|95.00
Texas|Briscoe County|111|96.00
Texas|Motley County|104|90.00
Texas|Terrell County|92|97.00
Texas|Throckmorton County|88|96.00
Texas|Foard County|80|89.00
Texas|Glasscock County|76|97.00
Texas|Kent County|66|98.00
Texas|Stonewall County|65|92.00
Texas|Sterling County|52|99.00
Texas|Edwards County|50|89.00
Texas|Roberts County|49|96.00
Texas|Borden County|47|98.00
Texas|McMullen County|43|87.00
Texas|Kenedy County|38|100.00
Texas|King County|23|95.00
Texas|Loving County|6|83.00
Washington|King County|248971|92.00
Washington|Pierce County|88219|89.00
Washington|Snohomish County|70458|91.00
Washington|Spokane County|51628|90.00
Washington|Clark County|42529|89.00
Washington|Thurston County|30056|90.00
Washington|Kitsap County|25685|90.00
Washington|Whatcom County|21883|90.00
Washington|Yakima County|18888|89.00
Washington|Benton County|17352|92.00
Washington|Skagit County|11050|90.00
Washington|Cowlitz County|9563|86.00
Washington|Island County|8390|90.00
Washington|Grant County|7643|88.00
Washington|Whitman County|7551|92.00
Washington|Clallam County|6892|89.00
Washington|Lewis County|6861|86.00
Washington|Franklin County|6857|92.00
Washington|Grays Harbor County|6307|84.00
Washington|Chelan County|6235|90.00
Washington|Walla Walla County|5782|93.00
Washington|Kittitas County|5467|90.00
Washington|Mason County|3974|86.00
Washington|Okanogan County|3257|89.00
Washington|Stevens County|3247|89.00
Washington|Douglas County|3105|91.00
Washington|Jefferson County|2701|88.00
Washington|Asotin County|2291|91.00
Washington|Pacific County|1901|90.00
Washington|San Juan County|1713|93.00
Washington|Klickitat County|1448|92.00
Washington|Adams County|1138|87.00
Washington|Pend Oreille County|860|88.00
Washington|Skamania County|808|89.00
Washington|Lincoln County|728|95.00
Washington|Ferry County|485|86.00
Washington|Columbia County|411|92.00
Washington|Wahkiakum County|300|87.00
Washington|Garfield County|103|89.00
