California|Marin County|732750|0.55|14.00
California|San Mateo County|720119|0.72|13.78
California|Santa Clara County|629572|0.16|12.89
California|Santa Cruz County|542607|1.49|13.22
California|Orange County|521774|0.09|16.33
California|Napa County|494805|0.45|12.34
California|Alameda County|483178|0.34|14.53
California|Santa Barbara County|479120|0.85|14.37
California|Ventura County|448140|0.24|18.02
California|Contra Costa County|444711|0.47|13.13
California|San Luis Obispo County|434855|1.08|13.28
California|Sonoma County|430575|0.80|10.23
California|Los Angeles County|427362|0.41|16.94
California|San Diego County|415327|0.38|17.14
California|Yolo County|367668|0.35|12.20
California|San Benito County|365181|0.98|11.76
California|Monterey County|359452|0.75|13.00
California|Nevada County|359235|1.48|6.75
California|Placer County|355896|1.04|5.67
California|El Dorado County|350711|2.44|3.83
California|Mono County|340633|1.08|6.00
California|Alpine County|313800|4.65|2.22
California|Mendocino County|309590|1.93|9.00
California|Humboldt County|276767|1.60|9.50
California|Mariposa County|258833|3.76|11.70
California|Amador County|258477|2.36|9.68
California|Trinity County|257940|2.72|17.54
California|Calaveras County|253120|4.18|10.81
California|Solano County|244975|0.23|12.60
California|Plumas County|239442|3.83|1.82
California|Glenn County|237533|2.03|11.00
California|Sacramento County|237482|1.97|12.00
California|Inyo County|234950|2.55|7.72
California|Riverside County|232150|0.65|15.38
California|Tuolumne County|228381|2.86|8.00
California|San Bernardino County|217821|0.59|12.00
California|Shasta County|217060|1.60|5.19
California|Butte County|216623|1.08|12.00
California|Sierra County|195700|2.64|22.17
California|San Joaquin County|191987|1.28|12.77
California|Sutter County|190019|1.52|11.55
California|Lassen County|185944|1.30|1.05
California|Madera County|182839|2.03|12.60
California|Colusa County|180600|1.76|12.00
California|Fresno County|179436|0.88|12.51
California|Stanislaus County|174734|0.94|12.76
California|Tehama County|174081|1.19|10.45
California|Siskiyou County|170385|0.90|3.29
California|Modoc County|161725|1.99|1.00
California|Merced County|159057|1.53|12.50
California|Lake County|158120|2.69|6.26
California|Tulare County|151924|1.05|13.32
California|Kings County|150125|0.75|6.78
California|Del Norte County|146225|3.23|9.35
California|Kern County|144431|2.59|12.44
California|Yuba County|141292|4.13|10.44
California|Imperial County|132900|0.90|19.98
New York|Nassau County|478983|2.01|6.46
New York|Rockland County|425421|0.02|-3.04
New York|Suffolk County|412034|0.01|5.60
New York|Putnam County|370915|0.72|17.96
New York|Dutchess County|269864|0.45|4.59
New York|Orange County|258534|0.01|16.33
New York|Columbia County|231966|1.08|18.81
New York|Saratoga County|227140|1.08|2.98
New York|Ulster County|223989|0.33|3.99
New York|Albany County|194684|0.07|0.28
New York|Warren County|192710|1.78|8.33
New York|Hamilton County|187300|0.25|8.00
New York|Rensselaer County|172333|0.24|1.23
New York|Sullivan County|168150|1.11|14.40
New York|Greene County|165026|0.17|9.31
New York|Schenectady County|156567|0.00|3.11
New York|Essex County|154069|0.06|6.84
New York|Washington County|149647|0.83|7.44
New York|Otsego County|144917|0.31|0.00
New York|Ontario County|139976|2.20|1.99
New York|Madison County|133731|0.64|19.66
New York|Delaware County|132492|0.76|7.22
New York|Schoharie County|128637|0.37|2.00
New York|Onondaga County|123303|0.95|-0.78
New York|Monroe County|118479|0.93|2.58
New York|Erie County|117614|0.38|2.25
New York|Clinton County|116852|0.05|-0.56
New York|Jefferson County|112538|0.42|14.73
New York|Franklin County|110714|0.00|3.37
New York|Fulton County|110240|1.22|17.88
New York|Tioga County|108550|0.74|0.53
New York|Lewis County|108342|0.82|7.49
New York|Cayuga County|106475|0.62|-0.34
New York|Wyoming County|106109|0.74|1.64
New York|Schuyler County|105940|0.30|1.00
New York|Wayne County|105930|0.93|3.10
New York|Broome County|103921|0.74|-1.00
New York|Livingston County|101893|1.23|6.60
New York|Herkimer County|100884|0.00|-2.00
New York|Genesee County|99986|2.06|1.16
New York|Seneca County|99250|0.51|3.00
New York|Montgomery County|97631|1.90|9.00
New York|Chenango County|93825|1.53|-1.00
New York|Oneida County|91738|0.49|2.00
New York|Niagara County|91691|0.86|-0.60
New York|Steuben County|91600|0.30|2.26
New York|Oswego County|90883|0.70|-1.03
New York|Chemung County|85195|1.31|0.45
New York|St. Lawrence County|84396|0.08|6.23
New York|Chautauqua County|82830|0.87|4.43
New York|Orleans County|81618|0.87|2.00
New York|Cattaraugus County|79428|1.13|2.26
New York|Allegany County|65200|0.02|8.00
Texas|Kendall County|275216|1.04|16.29
Texas|Travis County|244673|0.71|17.71
Texas|Collin County|238171|0.11|16.25
Texas|Gillespie County|211640|0.92|17.33
Texas|Rockwall County|201490|0.33|16.29
Texas|Comal County|199083|1.93|19.63
Texas|Denton County|196708|0.19|16.33
Texas|Mason County|193800|3.79|9.22
Texas|Williamson County|186224|0.60|17.25
Texas|Fort Bend County|183292|1.54|19.18
Texas|Glasscock County|182500|1.84|14.00
Texas|Montgomery County|181749|2.45|9.00
Texas|Hays County|181012|0.91|17.88
Texas|Blanco County|172050|1.53|17.26
Texas|Dallas County|167932|0.03|16.64
Texas|Llano County|166166|2.46|17.00
Texas|Harris County|161477|2.69|19.50
Texas|Austin County|159833|0.98|18.83
Texas|Kerr County|155700|1.53|18.00
Texas|Parker County|155457|1.70|16.71
Texas|Midland County|151933|1.04|1.00
Texas|Burnet County|150925|1.15|2.22
Texas|Guadalupe County|145403|1.07|20.86
Texas|Brazos County|144847|0.35|12.00
Texas|Tarrant County|144326|0.11|16.43
Texas|Hartley County|143100|0.62|11.00
Texas|Wilson County|142436|1.40|20.01
Texas|Bandera County|141460|3.01|20.26
Texas|Galveston County|140729|0.72|19.85
Texas|Washington County|140350|1.23|7.44
Texas|Randall County|139513|0.47|11.00
Texas|Somervell County|137500|1.69|14.74
Texas|Hood County|136480|2.01|17.00
Texas|Bexar County|135704|0.72|21.29
Texas|Ellis County|134364|0.66|16.61
Texas|Fayette County|132200|1.59|14.70
Texas|Aransas County|130316|3.75|22.51
Texas|Erath County|126262|0.59|17.00
Texas|Andrews County|125850|1.55|27.00
Texas|Lampasas County|124460|1.47|17.00
Texas|Wise County|123381|1.40|16.37
Texas|Brazoria County|122309|0.82|19.20
Texas|Lee County|121675|1.34|26.75
Texas|Hamilton County|120200|2.30|8.00
Texas|Kaufman County|119194|1.74|21.98
Texas|Medina County|118362|0.79|3.34
Texas|Bastrop County|116450|2.77|18.17
Texas|Smith County|115987|1.92|15.39
Texas|Johnson County|115689|1.14|6.44
Texas|Kimble County|115200|0.75|18.00
Texas|Goliad County|114300|3.09|17.96
Texas|Real County|113500|1.39|19.76
Texas|Colorado County|112620|1.49|14.00
Texas|Mills County|112350|1.27|4.50
Texas|Hemphill County|110800|4.04|12.98
Texas|Gregg County|110748|0.96|18.51
Texas|Waller County|110633|1.54|13.33
Texas|Childress County|109950|0.36|14.00
Texas|Walker County|109400|1.12|17.98
Texas|Brewster County|109333|1.10|18.02
Texas|Nueces County|109035|0.19|23.43
Texas|El Paso County|108959|0.32|13.66
Texas|Caldwell County|108525|1.13|18.01
Texas|Harrison County|107928|1.18|23.81
Texas|Armstrong County|107400|1.64|5.72
Texas|Nacogdoches County|107092|1.49|16.72
Texas|Jeff Davis County|106900|1.05|14.00
Texas|Lubbock County|105639|0.63|12.95
Texas|Roberts County|104700|3.03|1.25
Texas|Grayson County|104476|0.94|15.21
Texas|Irion County|104400|5.65|0.00
Texas|Lavaca County|103733|0.95|18.60
Texas|Wood County|103220|2.84|2.62
Texas|Leon County|101866|2.31|23.99
Texas|Ector County|101792|2.43|13.60
Texas|Bell County|101566|0.54|17.00
Texas|Madison County|101275|2.80|19.66
Texas|Victoria County|100465|1.24|18.05
Texas|Webb County|100350|0.24|22.45
Texas|Tom Green County|100084|0.64|17.00
Texas|Van Zandt County|99430|2.06|15.66
Texas|McLennan County|99025|0.47|17.00
Texas|Franklin County|98333|2.69|3.37
Texas|San Patricio County|98068|1.38|23.87
Texas|Rains County|97950|2.32|15.67
Texas|Hardin County|97363|1.21|14.99
Texas|Montague County|97050|1.29|-1.00
Texas|Archer County|96966|1.36|3.59
Texas|Orange County|96861|1.68|16.33
Texas|Rusk County|96469|2.42|15.88
Texas|Panola County|96050|3.83|16.34
Texas|Upshur County|95885|3.36|9.29
Texas|Hopkins County|94800|0.71|13.04
Texas|San Jacinto County|93125|4.57|31.17
Texas|Chambers County|93071|4.00|12.00
Texas|Bowie County|92705|1.81|13.03
Texas|Burleson County|92260|1.56|17.00
Texas|Jack County|91833|2.72|4.00
Texas|Henderson County|91529|3.22|10.66
Texas|Hunt County|91110|2.41|15.66
Texas|Scurry County|91050|1.44|13.56
Texas|Fannin County|90688|1.11|14.80
Texas|Martin County|90450|3.41|26.25
Texas|Camp County|90400|2.74|6.00
Texas|Robertson County|90020|1.75|19.17
Texas|McCulloch County|89900|0.46|15.87
Texas|Angelina County|89470|1.78|18.00
Texas|DeWitt County|89460|1.71|14.80
Texas|Bosque County|89400|1.59|17.00
Texas|Liberty County|89350|3.03|21.50
Texas|Sabine County|89033|2.70|18.62
Texas|Jefferson County|88594|0.34|14.73
Texas|Lipscomb County|88250|2.39|13.00
Texas|Gaines County|87833|1.25|12.94
Texas|Wharton County|87781|2.03|18.51
Texas|Oldham County|87300|1.93|14.66
Texas|Moore County|86925|0.31|6.00
Texas|Live Oak County|86475|3.06|10.98
Texas|Titus County|86325|1.32|13.50
Texas|Parmer County|86300|0.55|10.52
Texas|Potter County|86141|0.31|25.89
Texas|Gonzales County|85783|1.52|22.62
Texas|Maverick County|85522|1.71|19.00
Texas|Carson County|85450|1.53|-4.00
Texas|Loving County|85000|24.71|6.00
Texas|Hansford County|84900|0.68|12.00
Texas|Deaf Smith County|84425|1.18|12.00
Texas|Ochiltree County|84233|0.77|13.00
Texas|Calhoun County|84150|1.19|13.67
Texas|Milam County|84100|0.99|17.40
Texas|Borden County|83900|3.25|13.00
Texas|Schleicher County|83500|0.97|16.66
Texas|Kenedy County|83350|4.54|23.52
Texas|Concho County|83300|0.14|17.00
Texas|Jackson County|83266|1.26|6.20
Texas|Taylor County|82794|0.41|16.67
Texas|Hill County|82063|1.75|-1.00
Texas|Marion County|81625|5.06|6.53
Texas|Matagorda County|81063|1.76|14.92
Texas|Freestone County|80885|1.44|17.00
Texas|Jasper County|80562|2.70|8.55
Texas|Grimes County|80500|1.73|15.43
Texas|Val Verde County|80370|0.46|19.00
Texas|Hidalgo County|80223|1.36|27.79
Texas|Karnes County|80125|2.00|6.22
Texas|Trinity County|80000|2.56|17.54
Texas|Clay County|79966|2.88|13.00
Texas|Uvalde County|79580|0.88|20.04
Texas|Coke County|79500|1.84|6.00
Texas|Limestone County|79325|2.98|20.20
Texas|Sutton County|79300|0.10|12.00
Texas|Palo Pinto County|79077|1.02|16.75
Texas|Brown County|78233|1.14|3.16
Texas|Navarro County|78030|2.14|16.82
Texas|Wichita County|77910|0.26|12.60
Texas|Wheeler County|77750|2.34|15.50
Texas|Bee County|77671|0.98|21.13
Texas|Sherman County|77400|1.89|14.00
Texas|Cherokee County|77358|2.62|17.72
Texas|Lynn County|77133|0.86|13.45
Texas|Baylor County|76600|0.65|15.00
Texas|Polk County|76560|3.39|11.04
Texas|Hockley County|76071|1.30|13.48
Texas|Cass County|75871|3.27|20.56
Texas|Lamar County|75433|1.49|14.11
Texas|Newton County|75400|1.15|3.25
Texas|Stephens County|74966|1.07|28.00
Texas|Young County|74900|0.88|5.00
Texas|Cameron County|74449|0.79|27.28
Texas|Sterling County|74400|0.88|6.00
Texas|Delta County|74050|2.55|5.67
Texas|Houston County|73828|1.50|22.00
Texas|Crane County|73800|1.17|13.55
Texas|Yoakum County|73650|1.31|12.00
Texas|Callahan County|73400|1.47|15.78
Texas|Dallam County|73300|0.73|11.00
Texas|Red River County|73200|1.88|12.48
Texas|Shackelford County|72300|1.84|15.64
Texas|Pecos County|72100|1.26|13.00
Texas|Castro County|71933|1.15|2.00
Texas|King County|71700|0.68|7.33
Texas|Garza County|71300|2.01|13.50
Texas|Edwards County|71100|3.14|6.00
Texas|Shelby County|70350|2.23|8.35
Texas|Reagan County|70300|0.00|9.32
Texas|Comanche County|70100|1.19|15.61
Texas|Jim Wells County|69828|2.02|24.31
Texas|Jim Hogg County|69750|0.83|22.64
Texas|San Saba County|69350|0.54|16.75
Texas|San Augustine County|69233|3.54|18.33
Texas|La Salle County|69200|1.38|24.00
Texas|Coryell County|69142|0.32|17.00
Texas|Kinney County|68400|0.05|19.02
Texas|Wilbarger County|68300|0.38|15.69
Texas|Ward County|68100|2.94|18.85
Texas|Hutchinson County|67828|1.14|11.48
Texas|Swisher County|67400|1.45|15.03
Texas|Runnels County|67350|0.49|16.42
Texas|Hale County|66488|0.57|21.00
Texas|Bailey County|66200|1.58|3.00
Texas|Collingsworth County|66200|1.04|33.15
Texas|Kent County|66100|2.56|2.00
Texas|Starr County|65993|1.71|17.00
Texas|Morris County|65266|1.88|7.34
Texas|Refugio County|64900|1.75|17.89
Texas|Frio County|64766|0.90|30.00
Texas|Anderson County|64736|1.52|15.71
Texas|Howard County|64520|1.85|9.13
Texas|Kleberg County|64483|0.65|24.86
Texas|Throckmorton County|64400|0.63|7.01
Texas|Gray County|64100|0.86|12.51
Texas|McMullen County|64100|13.93|23.56
Texas|Nolan County|64060|0.90|13.99
Texas|Floyd County|62500|1.75|17.76
Texas|Falls County|62400|1.09|17.00
Texas|Lamb County|61420|1.64|6.00
Texas|Donley County|61300|3.19|12.00
Texas|Dawson County|59475|0.84|3.55
Texas|Eastland County|59000|1.09|17.00
Texas|Menard County|58400|1.36|3.00
Texas|Fisher County|58200|7.83|13.75
Texas|Briscoe County|57100|1.12|5.00
Texas|Presidio County|55850|0.37|14.00
Texas|Upton County|55800|0.83|13.00
Texas|Motley County|55400|2.21|2.65
Texas|Zapata County|55100|1.65|22.00
Texas|Terrell County|54300|3.46|21.80
Texas|Stonewall County|54200|0.70|11.42
Texas|Duval County|54033|3.97|23.34
Texas|Crosby County|52933|0.26|12.04
Texas|Dimmit County|52050|8.33|23.04
Texas|Jones County|51733|1.14|23.00
Texas|Terry County|51566|0.63|17.00
Texas|Winkler County|51233|1.05|13.57
Texas|Crockett County|49600|2.66|-1.00
Texas|Brooks County|49400|0.05|23.99
Texas|Haskell County|48250|1.14|10.21
Texas|Dickens County|47400|0.00|14.72
Texas|Mitchell County|47250|0.47|15.50
Texas|Culberson County|46200|1.29|9.00
Texas|Hardeman County|42600|3.70|11.51
Texas|Hall County|42000|0.73|16.67
Texas|Reeves County|41920|1.77|13.44
Texas|Hudspeth County|41900|1.37|13.05
Texas|Willacy County|41783|2.33|27.78
Texas|Knox County|41450|1.05|16.00
Texas|Cottle County|39300|0.00|14.00
Texas|Cochran County|31500|8.70|5.99
Washington|King County|393071|0.55|7.33
Washington|San Juan County|367960|2.08|5.22
Washington|Snohomish County|286578|2.01|7.36
Washington|Whatcom County|276485|1.32|7.50
Washington|Skagit County|264237|2.27|7.69
Washington|Island County|261868|1.68|8.23
Washington|Chelan County|258907|1.26|4.00
Washington|Kitsap County|245976|3.43|7.45
Washington|Kittitas County|238725|1.25|3.27
Washington|Thurston County|230736|2.15|7.24
Washington|Pierce County|230125|2.51|7.43
Washington|Clark County|228455|1.54|13.74
Washington|Jefferson County|227775|2.96|14.73
Washington|Skamania County|224520|2.17|8.00
Washington|Clallam County|207554|2.19|8.49
Washington|Klickitat County|207433|0.92|8.00
Washington|Mason County|195985|4.38|9.22
Washington|Douglas County|190775|2.17|4.43
Washington|Wahkiakum County|187900|1.84|8.34
Washington|Pend Oreille County|187080|5.94|1.27
Washington|Spokane County|184121|1.62|3.00
Washington|Lewis County|180620|1.70|7.49
Washington|Benton County|178791|0.58|8.72
Washington|Okanogan County|175320|1.78|5.00
Washington|Whitman County|174110|0.28|3.00
Washington|Walla Walla County|171966|1.23|8.06
Washington|Stevens County|167733|2.96|1.27
Washington|Asotin County|166283|1.84|3.89
Washington|Grant County|163412|3.08|4.97
Washington|Cowlitz County|162841|1.09|8.00
Washington|Ferry County|154300|0.96|5.00
Washington|Franklin County|149930|0.37|3.37
Washington|Columbia County|147800|6.30|18.81
Washington|Yakima County|146851|1.36|5.13
Washington|Garfield County|140300|3.57|12.00
Washington|Lincoln County|137275|3.03|7.43
Washington|Pacific County|136837|2.86|18.04
Washington|Grays Harbor County|134276|1.26|7.55
Washington|Adams County|129580|3.23|5.57
